Actual_Current_Ripple_A,SVR_Prediction_A,GPR_Prediction_A,RandomForest_Prediction_A,Stacked_Ensemble_Prediction_A
0.356798802135055,0.3435478813147621,0.34389796344113693,0.3646421078794836,0.35229037153850107
0.22639558693975,0.22477250847330504,0.21906415741177782,0.20817718266330362,0.21600256277113825
0.296116002339127,0.2896174839946826,0.28069298706572515,0.272176167160207,0.2825312050448881
0.454713673831911,0.47353679977874374,0.4743241847829348,0.4491442268311851,0.4696265119923214
0.154779440991044,0.14764253440343034,0.1541838287021006,0.1270571535372944,0.13506933332983778
0.393014456592656,0.38800804696462277,0.3751786719480133,0.3749147109415866,0.3855444926994057
0.374974313939026,0.3797827153471007,0.37940388776749534,0.36784933490963917,0.3775357554345025
0.358983614780971,0.3656540203610407,0.3640761814407595,0.33492678218796684,0.35607607369327327
0.294157542635093,0.30399135787223364,0.30240212064310146,0.34933718219927606,0.32039357867642826
0.420182936844825,0.4107225687933707,0.41621447431353964,0.3850180199295919,0.4044058133198111
0.430126912235153,0.4381845478842133,0.4531219675149849,0.39174237337526313,0.425149757549448
0.42617120767911,0.43232187001804123,0.4298293460816416,0.4143291764818536,0.4294708810266424
0.296722159273602,0.29368837933035824,0.2891296616667748,0.34464243305808084,0.31181692165316593
0.199372560710291,0.13919081947222856,0.13928908359462275,0.15528219478534738,0.13977774870882004
0.172215235463387,0.16681482485332233,0.16267042768039122,0.19398664865815998,0.17230250090040394
0.416321675906564,0.40592463177688554,0.406512158224438,0.38176289778001854,0.4000070236324628
0.218638147969745,0.2076328645791676,0.2049539339738316,0.2042386129678607,0.203183279958839
0.316321266364587,0.3057003313569995,0.3032046070659284,0.2928866658162183,0.30083155900496367
0.19252359419835,0.17526147344070322,0.17151611983695786,0.18819593294053114,0.17579263296685765
0.227913436752206,0.20106295586633968,0.19638438747461542,0.20353314478355547,0.1985526439549902
0.14496004304889,0.15734541613097958,0.1603163384295409,0.16912338775176894,0.1569231806106837
0.321067138728318,0.3283544975275597,0.3239009545925448,0.3145259967039607,0.3238071829291587
0.368081635157533,0.31472065999836,0.30947299520022525,0.3179478550908536,0.3160011364106584
0.321940412268708,0.3255434692679542,0.31675860300189246,0.3338055658231523,0.3289914146451555
0.139110133482833,0.1394251938667805,0.15211410115214777,0.16606172640299666,0.14393138044333936
0.248212567666341,0.253071325763337,0.2526976690525406,0.26210511082882637,0.25459156159112845
0.195777688215961,0.17688420203894073,0.17001694220916408,0.18732110868929208,0.17653850330620696
0.335850673343185,0.3238997296140178,0.3190381714640026,0.32584030836386063,0.32499387232480553
0.426141422463009,0.419111053331242,0.410153560213441,0.3869578167168238,0.41063661998938256
0.150320945288939,0.1115823230835242,0.12198604427912946,0.15568039424292446,0.12162011764638317
0.28343051240895,0.27803918713470627,0.28411962236265026,0.3273301103699695,0.2951131412388869
0.265195532972846,0.2613580865433456,0.2684181778723411,0.28258714240832866,0.2676325866028551
0.161468926807649,0.18967483967434462,0.19080177618896837,0.17175977134165799,0.17936067138701384
0.29844336065699,0.31727026251714285,0.3125282930910658,0.33460928084839175,0.3238046681678058
0.418192675201776,0.39787757866556434,0.3992791710849029,0.41648542879458944,0.4073928497387615
0.380796555714228,0.388931655364783,0.39552464245928515,0.3659155853995003,0.38293052841040376
0.315724807521757,0.32425122350822033,0.3232703473252869,0.3485863130031002,0.3335800436473404
0.362438563080038,0.35581256927571414,0.3370321250586086,0.3195962118663016,0.3438547457949501
0.455448969995345,0.44114983415158293,0.42694819208672785,0.39281601425108525,0.4274061753491291
0.371736329607775,0.3290956848096797,0.34829952904012546,0.3356252549420672,0.3321212776095302
0.473037918075483,0.4239994397221425,0.4139814075669454,0.4648189403210352,0.442423165748354
0.377650398517994,0.3727851540785434,0.3764103780452195,0.39102734919471827,0.3813984607194478
0.169145103734078,0.14149069993802033,0.15099178097548938,0.17189032795549164,0.14742855361438517
0.374281378695617,0.3776514877792993,0.36694357355904955,0.3600360435028829,0.3732176637823326
0.288581740725986,0.3247033082510222,0.30737346998924825,0.26895115723229407,0.3046270554648426
0.41390199039604,0.41510025657481453,0.41088386086911505,0.4109703241183771,0.41679218367396653
0.165707163566895,0.13215160132914094,0.14081275758647308,0.14036812017539968,0.12966547227467556
0.423043913995475,0.4025685916907543,0.4059370651509865,0.39409748087880325,0.4023093871102562
0.183808376730347,0.18909546695681448,0.18083134110533222,0.2066981913323216,0.19174921675842604
0.25258914060523,0.24729712256743477,0.2552890389227836,0.23989595779864956,0.24264468118457644
0.317995266193509,0.30535445826718094,0.2992210114484724,0.22717265422141242,0.27649849848944125
0.320358005995791,0.3200268683188255,0.31795331686263684,0.3316449200474629,0.3245591123173466
0.363533892971161,0.37910457413323945,0.37601756145609305,0.387464824728541,0.3842660660929403
0.313945945350918,0.3183355468683042,0.3169511561117011,0.3280391781377091,0.32211621109190436
0.28235845912744,0.2866306030440839,0.28547859972326917,0.26852761040469814,0.2792379554041567
0.425846969777087,0.43546836589606586,0.43251427970530415,0.4412149692574612,0.44141551913105664
0.248908251165401,0.2828309694858894,0.2886958560218635,0.2964064399522488,0.28695951453048363
0.381388490474025,0.36415393637039456,0.34837367753680354,0.3357496485518766,0.3553289410036258
0.364309695898334,0.3430461131391097,0.3410001787213454,0.3555143610116884,0.34860210251785567
0.208240129277759,0.22662160545599344,0.2439035153080379,0.24420240215240213,0.23052190079084306
0.190965669206541,0.21841674864968885,0.2170016591887023,0.16652512959406496,0.196526841588042
0.272054509695281,0.2695572887325679,0.26876925771045207,0.3163008652335089,0.2854098257690142
0.188508465099181,0.14837424100917873,0.16270745340978718,0.18246048451787503,0.15589423000332098
0.43350374928024,0.4401265166914819,0.4404868559548697,0.41457872950618735,0.43475781007175723
0.49143754066657,0.508703466276231,0.5222094833867036,0.46648755258415664,0.4993938183928744
0.328590098675005,0.32707562948127056,0.31630461216450867,0.3193213016566289,0.32469224724015583
0.290659609237003,0.27117797379821007,0.28660312855262166,0.32618422837488326,0.2901692369940359
0.434425874913921,0.43134417670210035,0.4369934384028762,0.3994921411661434,0.42341222580053134
0.350971194161307,0.36521677781579487,0.36235132986666785,0.32942061738765505,0.353762372094695
0.440918976674634,0.4634425562565254,0.46622373191627264,0.4226524001456343,0.4532162468650171
0.414286124063623,0.4243114229658486,0.41572142958494446,0.38270722817134667,0.41253458614841226
0.352160164842771,0.3593539708147959,0.3467798940858216,0.33521782431399993,0.3519569481831246
0.340125422359461,0.34402656510755414,0.33941774997049556,0.3662922479128762,0.3531950700016013
0.175241723512899,0.2280591480132893,0.22730194363842549,0.19441965097409666,0.21316088620262547
0.149833248945711,0.16081919183779236,0.16172973281466113,0.15701693594179725,0.1547853130556213
0.170402942643477,0.17718547619763514,0.18326867425018656,0.15397756615048144,0.16456295295604956
0.264197968514405,0.24708326709741815,0.2477337550885711,0.265702281073929,0.25193588192885197
0.241504648231215,0.2855090913197349,0.2688770527383167,0.2875654929145536,0.2854150168717962
0.417453515793803,0.42959987238318,0.4330454695439673,0.4109938909913092,0.42646170168694636
0.303503913254513,0.3026646402959758,0.30822507005464705,0.32808041184737574,0.311746012320582
0.189923745211826,0.19114297899395621,0.1787729191160113,0.18572782567627333,0.18540690491719763
0.435385193636609,0.42952024755088114,0.438466509287481,0.4306544508708959,0.4336363342606737
0.251516540717556,0.26665895865763933,0.2530885720311129,0.27422049325881703,0.26801122661312665
0.344993593119405,0.34409647097337753,0.34201638393100936,0.33748808127582214,0.3426915727655105
0.392500719118274,0.3967147070547885,0.3891188126961604,0.371889284778918,0.39023885478801984
0.404341643270208,0.33713744458046613,0.33236344219871794,0.30159982928825974,0.32490232258378615
0.367053172525042,0.38961426501672547,0.3751653088221019,0.35914905939411823,0.3808261326877648
0.239170027839871,0.24911264069359573,0.2498943465295749,0.20253238815633806,0.23012729609203794
0.270593211135778,0.2609595744110873,0.26370967525822964,0.29657250929549317,0.27247884726206545
0.376298484168437,0.3764201227310773,0.3736611123793983,0.38209261570407704,0.3805144947122607
0.359077492442219,0.3416337667372871,0.3367877687603287,0.3505352376156637,0.34582824410788504
0.150962074311098,0.1845786334578921,0.1846626815516522,0.20929492257070642,0.18973111325217634
0.243636128030104,0.2772495748216576,0.27971864822106085,0.28726691100199664,0.2798886394464036
0.469663547273944,0.4697451536892634,0.4631508075354201,0.4537342677930032,0.46876307147568147
0.40086586567378,0.3919539004081871,0.39008241148441947,0.38306408649160484,0.391193633119909
0.177034946844225,0.1276294293667981,0.14453415427066446,0.1668029556619815,0.13638217885384463
0.426462117918691,0.4172220382326133,0.4157035151140107,0.37491916367081074,0.4049958019770505
0.389956864615743,0.37355081027469916,0.37632389393147797,0.3577238751218061,0.36969536205895365
0.284145023319174,0.28961516009480587,0.3064942335949679,0.32323281138943555,0.3013412351462651
0.14066701481395,0.16313167158862535,0.16176032837527646,0.1942026926715136,0.16994502025031177
0.434907146726447,0.4424544070593575,0.4399914752676966,0.4244941313868312,0.4399288047794852
0.26440425647808,0.2987102206183934,0.30278985011980586,0.32220700486787734,0.3069603643965283
0.216823023448158,0.17680880035790048,0.17548205472863235,0.18440565393424305,0.17544001252683133
0.454693738329447,0.4527047980154507,0.4432563153589807,0.4602019548066182,0.45980291835908643
0.2588977897083,0.2584661179350364,0.27416218842457346,0.29557886939642275,0.27050567904969125
0.280428909739857,0.28600742083905056,0.29070942171114067,0.2605864157694751,0.2759343320116916
0.17740565585094,0.18923395769061693,0.19315393986119314,0.16160218929282114,0.17535440506527453
0.397457515329242,0.4328282612980582,0.4258616173752051,0.3945041222077991,0.4225232400815125
0.146945224489632,0.09543782078313112,0.10251190667778268,0.17273855500101284,0.11713570064438858
0.320494261431409,0.3211876328405081,0.30851441809161056,0.29899280654900645,0.3133214442525976
0.322499707636374,0.3217946341208968,0.28872236374018495,0.24350107841540333,0.2933071522807625
0.11971915033141,0.1686594362046846,0.18159764318885913,0.1708239411595084,0.16509960945300073
0.319184731012218,0.31285258596076615,0.30068159748698764,0.3014045335957078,0.308670073848691
0.159643616647809,0.09100711711290965,0.10443536089486025,0.13981928425088522,0.10214777801745448
0.392535290655657,0.3749454557831462,0.38524901709568965,0.3910731362252005,0.38287497867610776
0.167201302722964,0.15984590461430662,0.16221788382320632,0.170443772854128,0.15906619517351545
0.27851524583054,0.3439309568981145,0.35137011175646155,0.33232637897683054,0.34072439903713453
0.4463738359273,0.4613147210963049,0.4343416625709442,0.41359856228325176,0.4483742236332184
0.286231609940854,0.2957584968577447,0.291012438074269,0.31510544020703896,0.3023636194674099
0.501559203637697,0.5149444577615768,0.5157498175638597,0.4680821301469795,0.5040778308017273
0.295544405634965,0.29214965508400015,0.27036675184040115,0.306856399573069,0.2968794848219612
0.454965719807939,0.43957016841339425,0.49211548843820807,0.4134073156741742,0.43415063838878903
0.251876318039868,0.2636806803473151,0.26975932096797595,0.293917669744638,0.27332560079307033
0.336336581918243,0.3070361718481874,0.2860062557380628,0.3201922309986066,0.31166074072860256
0.337325826066913,0.33165586261397506,0.3416510015522765,0.3493875988493202,0.3388333537918728
0.404199515492455,0.3472706296341672,0.3423330366796178,0.3608196396950502,0.3533428432634225
0.288993858065219,0.30567571109710917,0.30617591576177294,0.34219342238822625,0.31890143766754775
0.376438900385047,0.36900228768099286,0.3605460511837172,0.38977983330649374,0.37838360129427295
0.203336805627043,0.23255770126239478,0.23798757478222488,0.21266545355154784,0.22286088833312473
0.235432308549802,0.1907126222710687,0.20144904079771436,0.19966190892891578,0.19031400720361835
0.323041333117983,0.3142670719387506,0.3019306853341812,0.3230186808615525,0.31753263605501436
0.167431433039624,0.16715823606774885,0.1658642296424556,0.16625487227431815,0.16237501187817177
0.359921385873994,0.36304286307177736,0.36589085641236146,0.3442258932982682,0.35776657699608033
0.204286080331373,0.17545310769480307,0.15439420123637465,0.18483259513048736,0.1746233338449847
0.391730102485372,0.40422414008690327,0.40279614577026324,0.38681026216329983,0.40072020345112586
0.407552606302164,0.3923551237161232,0.3865568324324438,0.36749109101722527,0.3857368867161249
0.347933658274401,0.3481756297378842,0.34869656865673787,0.3296120143039075,0.342523829058525
0.296290353345163,0.2621164187886046,0.26991918349892974,0.320279731700835,0.28195672587800796
0.255500932205058,0.25509824314901536,0.25485646043452365,0.2357546936832283,0.2462788908328517
0.413515802007386,0.3913666609809232,0.38201638113192177,0.3688521976374847,0.3855661141827273
0.34596572723787,0.3299025732011668,0.3630059963807672,0.34309303675453656,0.33544602226484516
0.314105088862076,0.3330519655778088,0.3291478576353249,0.3314175243626484,0.33312214597218126
0.226052255231307,0.24550272050132826,0.24990228682095017,0.26771149793606663,0.25163619437786183
0.311908248660609,0.31904292681460855,0.3343433465454362,0.36832309151833725,0.3374150581700444
0.124760813896055,0.12741358637019068,0.12954354396308837,0.14872886572240648,0.1295587374327236
0.443306892054338,0.45650956392917985,0.4576698259262426,0.4151441535365335,0.44585198067987103
0.295020947208622,0.2820645165580844,0.28522238537889427,0.3395201179525846,0.3022452926622484
0.200775546333717,0.19346341304560705,0.1778841241733835,0.18426016191230604,0.1863986421999621
0.408122524110763,0.4037354065088781,0.4016400726958037,0.38140389865743446,0.39841116047818254
0.178459295943458,0.21516632900965543,0.2127376604634746,0.20376598328308784,0.20801573977067347
0.317275231848998,0.3204049044480547,0.31137321710911403,0.30124529013283063,0.31364056416843566
0.346080984529249,0.33874314103342107,0.33859430989492256,0.324255938693998,0.3342914965133902
0.445872426460931,0.48662380338544753,0.48019364156367716,0.4615290907822763,0.48283435880962794
0.126223365857049,0.12165151596491106,0.11981578069884144,0.14494770063135407,0.12433004362949673
0.376573871458815,0.38670833995158627,0.3932071285517753,0.3911232983927988,0.390693961562847
0.372460554769189,0.400117812849636,0.4053988106659907,0.368602637906423,0.39134218204832416
0.350041783571284,0.34233982872450397,0.34215682785314205,0.32469125874483995,0.336840385643521
0.141843226736797,0.1490778207528787,0.15149315138498895,0.17044568989228154,0.1519133629017635
0.405426473354538,0.3870282390533746,0.3880498465036817,0.4204300328491189,0.40162981757786304
0.345040191995261,0.37563671000438803,0.371392207518092,0.39630182420317434,0.3851974913718323
0.336289146402086,0.3567349011805823,0.36006294089639995,0.3879390489538173,0.36960237397766016
0.188583125061854,0.16923237700795285,0.1595764220842884,0.17724335439201946,0.1677504443777298
0.324793304204487,0.3088577934310323,0.31539524743080594,0.3085277502035132,0.3086962251310692
0.392639557838119,0.38879165635660434,0.3786838925220624,0.3779023829927262,0.3871703256877599
0.214117921547468,0.15951657685310547,0.15578667643887753,0.20078930564197514,0.16994925561022062
0.223944425487609,0.22193942147132883,0.2268652657242706,0.22770098807585865,0.22131669486308325
0.376223412102436,0.36024827800444514,0.34312692910116854,0.3793545594783849,0.36871431344798217
0.362693734472188,0.3652174293698728,0.35482104122851343,0.3490907273434665,0.3609459256240905
0.437169924144172,0.44322502179163925,0.43359146740164844,0.4023494789332494,0.4322964501750722
0.315733116371033,0.3239309391638202,0.3179292816686864,0.3253454370294671,0.3248290011089594
0.144165376715352,0.14372986148907643,0.1342810457576132,0.1609701300698973,0.14484325025197906
0.281212855775285,0.2907417213891744,0.3052089029615096,0.3041441135720213,0.2950831200188153
0.1293843448621,0.10389268421321557,0.1334031881334794,0.1579890748005309,0.11742814368519847
0.32269589715264,0.313524809477019,0.30641231357153675,0.34027524328631437,0.32338475837816827
0.414581633466139,0.4246112897565194,0.4216866676681709,0.3824278235865604,0.4126522031145757
0.361412661074212,0.3297746945506834,0.3334075055244949,0.3269035789691419,0.3293178715011061
0.439206198784214,0.44431264509450386,0.4455559709408531,0.40903762256235326,0.43551078061758836
0.169400056995366,0.1759594533065324,0.1805777346339406,0.1623688533653517,0.16681920574747727
0.177526969518103,0.1949339270890552,0.18157752800177795,0.13231536913865227,0.1683414491406411
0.24273912411098,0.2807312716680327,0.2853932621428184,0.292813869485041,0.28424318387102615
0.459480313040038,0.46395434114106715,0.46072741822404006,0.4207422062778574,0.4528339059344854
0.14914606874733,0.1649552370142226,0.1629538768538166,0.17756799594271563,0.16505611072104492
0.188549951484089,0.23316246417655037,0.23001776025577977,0.19144606030820327,0.21545237774685594
0.397676361282563,0.39692625175321794,0.3961382505827357,0.38923091423090456,0.39676163972021017
0.264084341991931,0.26543135498046094,0.27779362921461814,0.27764475746795597,0.2685463105203732
0.381205102065653,0.39012337149981136,0.3950812139759071,0.36221886108344337,0.3823610528886088
0.329046986068655,0.3188714555456386,0.3135067368454034,0.3160659441888718,0.3180683711961003
0.365026672630963,0.3624682064925244,0.3624445995088977,0.344415791404384,0.3574438649704645
0.28356000644113,0.27630584948861686,0.26041556943605815,0.2036656789492069,0.24854705187560372
0.299322853619829,0.29790628340325626,0.30042582083920194,0.3024703326371711,0.29918532991011293
0.18855527201027,0.20818551943387303,0.20841982071334653,0.2027859053070793,0.20302859868761952
0.112436428141071,0.13528092751354176,0.13995828547907335,0.1425222638052173,0.13251945098582363
0.179408380154288,0.1256553744014247,0.13194109126283787,0.14678966370981217,0.12769507503717487
0.215020306627074,0.21471839277472193,0.23205642675983107,0.20962510783900956,0.20993870888211297
0.322339492296344,0.3162480673827732,0.31525433673309533,0.2917335200715637,0.3074216607875533
0.376075130753358,0.37696749227245296,0.37148340022788745,0.35914685364493354,0.3724564965591178
0.412425256104926,0.4133616764615696,0.41508770752070295,0.41002665731423166,0.4153130826284381
0.438952020688785,0.4266137709883801,0.42976891243927723,0.40816589688087307,0.4234401339971653
0.394922564511043,0.39607141066653495,0.38797512172894055,0.37924202511780847,0.39250506570014343
0.265957892277369,0.26079908931467627,0.2629958603642003,0.3082320139430723,0.2766444197470446
0.33998281437917,0.34163981160176105,0.3397368165340721,0.32967201370065785,0.33819489146703613
0.135527209877403,0.11998942091009793,0.11302565863666816,0.1420744867059561,0.12215370701865491
0.212276869184925,0.2318259264467186,0.2250619263141708,0.21509809819471543,0.22322168438392032
0.311106531909667,0.2859852632346273,0.2954512080823166,0.312617497842286,0.2950110494211527
0.422009185564116,0.4182308679630524,0.4177650960445036,0.3773255664378923,0.40655203696477354
0.445052757449344,0.43766007567052045,0.4207288465004503,0.39229200459912716,0.4248856503483892
0.392013329060394,0.3538867532090813,0.3395202125199334,0.3464173559667256,0.3524238575196464
0.40375546369262,0.4035984092202529,0.3918718935169118,0.352658536266389,0.38774705940724624
0.126256386731087,0.14592362824610577,0.1640830247288668,0.15876761670192538,0.14559475171305125
0.326877399548253,0.3148738984070267,0.3169637644388689,0.3379407350594628,0.32345904743664594
0.328807597559967,0.3339978980631575,0.32401910361915076,0.33635369278621075,0.3355377708988499
0.306101335573457,0.3006212030319286,0.31026890549213065,0.3060064196181208,0.3023114567551228
0.397045086772917,0.39475750566955115,0.39766239605636444,0.39007751345105235,0.3956447791356145
0.205670135032252,0.1641770932326635,0.1685064127696884,0.1942341620689901,0.17067203303701406
0.17019255637902,0.16716373629824005,0.1755265922811343,0.16358281778907918,0.16143462890877702
0.228852972313453,0.25449211744325206,0.24867377701237492,0.20849996655403655,0.23586448243145236
0.311773534448786,0.3056516880111446,0.3193945202665848,0.3230642734142307,0.31192166589607423
0.367667913699139,0.36017433056312725,0.34720780279205443,0.32559635425049727,0.3489733983727574
0.307420127064796,0.31043137620805367,0.30935516576067046,0.29720057706472786,0.3055612356211614
0.164905449751322,0.19474116972108804,0.19526383782008444,0.19436247384296043,0.1910100864275897
0.324957220501969,0.31786095740597325,0.30002029896622745,0.29933377924566706,0.3112173907575516
0.314867094450229,0.3010828254455228,0.3015296300694159,0.31014478396258666,0.30410137571799806
0.443192532615557,0.42015599182512686,0.41431260690183724,0.41576667550799207,0.42190322167208477
0.186505072548162,0.2199942105368264,0.2119113011656104,0.1894952954487758,0.20597086820575733
0.176003404385046,0.15237700192399872,0.15347653704295242,0.16431133135479223,0.1518515345705402
0.388765657033457,0.37706425889148265,0.3798521727312473,0.3692641247405038,0.3762600558945353
0.275048792150411,0.2855035043772455,0.27730756866217454,0.2836325845060428,0.2840005673049923
0.209984934122536,0.20528888422123281,0.2054913666537742,0.2661863350892179,0.22434590316232106
0.312244422154526,0.30176827269178325,0.2973464226398473,0.3323829673229097,0.3126910785492399
0.12191414838095,0.09135645401228809,0.1042098993930993,0.13120526043152642,0.09921995415009685
0.389321334078837,0.35527593291297743,0.35055550953483694,0.3471801207326344,0.3536618323439212
0.385649393242626,0.42939163013155335,0.4136585295054305,0.3992283295712861,0.4219397437186408
0.409040749880829,0.3930386572968133,0.42080462111180583,0.4445849979047829,0.4145760176508573
0.388649919887488,0.39157110815338003,0.3929441428968746,0.3755099562472421,0.38818200995320934
0.3475210443751,0.35345035966163385,0.34409712874358195,0.3338241018762503,0.3475358499838521
0.477505205588992,0.47643079252832715,0.47840429309581983,0.3946859890023458,0.4515897879297384
0.26086982589426,0.25103243741352876,0.27323083149889404,0.2729310604571392,0.2572886816633046
0.361102147759031,0.3661738174547684,0.36425399043736806,0.3564470866999862,0.3643092053817469
0.496349096814269,0.4903258572974164,0.5001453319325235,0.4123407091025186,0.4673217066120307
0.355351097305086,0.3446205776497615,0.3465986799889533,0.3510469908788365,0.34802520026082223
0.474341943454513,0.4794946513345777,0.485552055244185,0.4617890707654763,0.4782393771162747
0.300336797753638,0.3022943966354232,0.30181685655731916,0.28953888027295155,0.29734901718324963
0.24181707922499,0.22483011897662977,0.2195089533901386,0.21552070727621747,0.2187343006744659
0.445577380316968,0.4521203536733007,0.446613760205074,0.43504505291647155,0.4502069442346413
0.243299885405481,0.25645271308779727,0.2536452809126295,0.2878988363288298,0.2662846593882485
0.12775360686611,0.18085312152669142,0.18514515886321017,0.1618569731835738,0.16988142881051183
0.414619141537775,0.40486585111636264,0.399984672157061,0.4102828689326736,0.40973857815094056
0.41614442426782,0.4140892407187855,0.41239816786944383,0.4107332438805327,0.41604289684952916
0.101412501461465,0.10613209792765754,0.1236783450427986,0.14136442871966484,0.11277751364944429
0.360471959272962,0.36289966111500493,0.36577391671267484,0.3327727621792787,0.35347296842819814
0.320071843501564,0.30261813769693247,0.30887831061759385,0.33231320649501356,0.3132693791616838
0.250268133054061,0.2775833091827616,0.2539613155597731,0.20749592742703935,0.2507714163057673
0.414186368837015,0.4202826221247067,0.41518812741832106,0.4125947002175866,0.4208272956705131
0.171335080334716,0.15697254461672272,0.15936549522718083,0.1942224270565715,0.1658743250853213
0.476132612453026,0.47810835487120756,0.4905521286957331,0.4588406799870156,0.47626103926911584
0.23821571667458,0.23269423351573426,0.23549199315404482,0.26280181806023944,0.24132125937306548
0.434687900312801,0.4403259807594091,0.4422658593040518,0.4146796586788144,0.4349331290473278
0.449080060647709,0.45891063454482606,0.4553850301808651,0.41797381362054836,0.4484672027977345
0.218258369381681,0.21053103607820298,0.1991694999066027,0.22580462492997352,0.2129825578461341
0.383340641747994,0.3773609069770826,0.3847228157258402,0.3829758801271342,0.381500500670551
0.362166407957558,0.34648664525738204,0.33974497858671965,0.3739509133243095,0.3576291318736071
0.368587681357663,0.37325614852726885,0.38094079357361316,0.3512378170638013,0.36713995809742456
0.183916273367715,0.20392415323922847,0.20969892358506942,0.19948685583662285,0.19900857326222773
0.331065557855242,0.3348645390693321,0.3256061233074481,0.334725363889352,0.3355192413823481
0.159720524742452,0.16344547323984607,0.15580174324086254,0.18077213353900587,0.16520696184349765
0.422243571799652,0.373343398450872,0.37391555775644214,0.3759670282466551,0.3762371822407393
0.360593641247726,0.36224584396980697,0.3702335626131613,0.38216822749231694,0.3711651495773371
0.390252516253029,0.39347391274996113,0.3813559191422109,0.35008476134833466,0.380075975436674
0.274095727127776,0.2819799835649409,0.2810771540263151,0.29470562598080396,0.28574579042135445
0.202114995047017,0.23578388469354028,0.23882914704597186,0.2604926359683399,0.2425282391858843
0.358644437618559,0.3480599223265233,0.3531652565840883,0.3692432307219235,0.3569921066017125
0.140035949406539,0.08941424094842376,0.09541272675879209,0.1423102786450089,0.10197541359473936
0.295813151379255,0.2944432301560803,0.2798153251719558,0.30849543915797356,0.2990303601941341
0.389671154108772,0.3611962269488581,0.37042902930079286,0.3459408921836009,0.3571919487074576
0.123555460061177,0.18181806312438392,0.1844436194976282,0.17834157364398323,0.17655939524105302
0.47116281739427,0.4834589928056762,0.4798946441872985,0.45392396749861846,0.477954437252067
0.257831108596111,0.27227726886444154,0.27397414048858376,0.2987481512651327,0.280791361319241
0.255060733908927,0.2656953148307067,0.2783427437532104,0.2957202133869688,0.2753489473743187
0.317022578774885,0.30949564993389067,0.3305527314445809,0.3364020301679965,0.3193917131104146
0.209968930348251,0.20780541160962043,0.1937963680995636,0.18287258809439647,0.19542374599581674
0.177998812068549,0.21704173863442028,0.2193770106985239,0.1638705528538589,0.19465401889617162
0.318995409291858,0.3147540608111299,0.3081321745628906,0.3281719015884494,0.3197662770706393
0.159957893760984,0.16368007963450398,0.15460740908467469,0.1605595880020471,0.1579479090577419
0.234793866522948,0.22844825758846943,0.22548788750595747,0.23933753555006948,0.22987760473212157
0.432043073048527,0.42900763701092964,0.43364717058684776,0.39727921199906346,0.42104501992213716
0.365633617045683,0.38861596172019464,0.3844695704243606,0.5227443567312823,0.44017271888917103
0.417528853350153,0.40238982662901557,0.4043323118272416,0.44621551710880175,0.4212911823975027
0.14680667236009,0.1344364569060125,0.14135255909400515,0.13657504984124638,0.12978649231597164
0.148785019075139,0.15637168085650577,0.15524903273310955,0.16758800086465883,0.15569838389349672
0.384236535582133,0.3829564345102309,0.36900581059276844,0.3616548307632524,0.37732346931204547
0.3642305121967,0.3399393093882003,0.321271922709017,0.32957140490023307,0.3369666592412107
0.363656582807882,0.3596864769873176,0.3722916617511872,0.38454318342741123,0.37035245803430955
0.344384484541644,0.3624292324186064,0.35074173979332857,0.36599534554128416,0.3652858762337107
0.236626623225636,0.23373763092627592,0.2370822894382278,0.18460256363636318,0.21334960615541804
0.120849682347727,0.14048567247812413,0.1411596514097198,0.15633787203047037,0.14102708870728792
0.325571087891285,0.333802728981624,0.3307939576742135,0.32795077744103956,0.3323533369793043
0.358047639033,0.3463848688639136,0.34976580501360166,0.3509888634645695,0.34918114246776727
0.146438607974656,0.1713870259075821,0.17386380730228548,0.17477537661864645,0.16832174643427458
0.342771518889834,0.3410666102125259,0.34276226218436256,0.3098439490045984,0.33055860748842586
0.390246148213823,0.41794698790087703,0.4090694712794598,0.40589325373894275,0.41680506276241075
0.44127841941543,0.4195617084427119,0.4279995330983871,0.4399631209824269,0.43043102372542513
0.282766066414463,0.2699662259313936,0.27871261108447654,0.23328092377829612,0.2552825149294434
0.172351671960494,0.20042790685666226,0.19831754348379205,0.1912033624315416,0.19362025703310387
0.292304175710697,0.2789730917843721,0.27490722663523487,0.2992818027021455,0.28541412312301967
0.385034634510958,0.39754929400462496,0.400922604542836,0.3793672891069771,0.39357497462636987
0.242369352929902,0.28179003059441887,0.2873814931513079,0.3060349369230099,0.28979665213801603
0.222234174171612,0.22978268890374703,0.23028301843450538,0.24638118711654328,0.23335895906305665
0.48321761243448,0.4884564605890085,0.4932205100173359,0.4694084588645697,0.4869815010226135
0.395225032275418,0.3942977525727719,0.40656841670312666,0.4066048257981714,0.40143247846353386
0.295424606320488,0.284688116265768,0.29016486441694606,0.29756301728404694,0.28861585515203464
0.241607904584522,0.25943076600459847,0.2539401146584296,0.274801937069236,0.26345208705286405
0.37948251602059,0.35253357100529187,0.33808319788672214,0.3516775837282211,0.3534529046086718
0.145146833634271,0.17219278486137563,0.17476381031516836,0.15169492719296954,0.16039639798139826
0.408065176073832,0.4051762814076221,0.3890910829539221,0.3778906717850955,0.3980290570726847
0.20316649669131,0.20231310933431218,0.19661786224366004,0.19184742037951563,0.19509560034956508
0.326815076556258,0.3347127810679233,0.33246271288384355,0.32970842999660227,0.3336050452666213
0.321889216008116,0.32699649038905115,0.33185635951648423,0.3202939229017715,0.325053689479284
0.236809965085697,0.2526198184195452,0.21391883318454802,0.2140408218083271,0.2365309470727917
0.183436643681667,0.15393192743147172,0.14819171354107502,0.1780890990362737,0.1579101427305553
0.17556856704929,0.18158040280388615,0.18826466637725914,0.17648048913020709,0.17573417979247458
0.469511001154022,0.47879639555687625,0.4645751572439925,0.43508716217868126,0.4679123664039769
0.163946956429946,0.14861578230984596,0.15375806309579032,0.17018128513635095,0.15151950950785376
0.20161292884621,0.1912951383587656,0.19822368809530144,0.2448711280772689,0.2072601136413635
0.131526735371668,0.1493930742770943,0.15153866773734148,0.145471972631015,0.14296676517737955
0.290891264513327,0.3076959704933878,0.3025320742506949,0.3318125249657677,0.31641725443769914
0.319455031589287,0.31224357453385637,0.3157838221127645,0.3101388733511587,0.3115251406412647
0.445315751757244,0.45528650294339956,0.45976460591637325,0.4380229176329689,0.45343870707807327
0.205384692401704,0.17014821444701958,0.17187818096064825,0.17897437083892295,0.16903530287056828
0.231312930945193,0.2389743725996669,0.2344546288652594,0.22879213000143386,0.23299900639580332
0.404108897832583,0.41132910215802937,0.41254696629241444,0.3919883264562071,0.4073482699052483
0.466932372372435,0.46339224272633706,0.4778772631523016,0.44506999937569725,0.461443853337439
0.379330311427131,0.38895674570123595,0.3877306018096331,0.37333949927077037,0.3856399607483505
0.148807501752074,0.1383025811655726,0.1431880273577982,0.16247782316761794,0.14184307900308252
0.136305810327028,0.15680956343774793,0.16073634015462057,0.18130555052571992,0.16103652876478797
0.435926580016519,0.4451336083345523,0.44429619505742635,0.41932582192381057,0.43982005245530814
0.375780845209927,0.33359808038302474,0.332868371949355,0.3279997106512539,0.3322436975514223
0.107870908921675,0.11590541654077624,0.12457114804482297,0.15291061080289048,0.1234703752194086
0.473277533991925,0.46727938458638907,0.46951545927284544,0.42326660061483523,0.45598836839939405
0.4387419785822,0.4423465850310494,0.4406092587170884,0.42092946024964917,0.43855307932730814
0.232549608609812,0.2110677473905783,0.21478092786440434,0.22003579737835455,0.21127976274753713
0.292855476939923,0.2933669430541485,0.28618809922252125,0.2984249551133899,0.29465101427469537
0.433182505364396,0.4001518800644601,0.38301157516378426,0.41413303019237946,0.4079732358812917
0.277990505422793,0.28118647023611626,0.27991343523030554,0.29445550837181295,0.28512557493649665
0.134526597820924,0.2133820008667903,0.2118386355620669,0.17469980411961036,0.1961783038106809
0.120362709316073,0.13391665033177363,0.13018334903668016,0.14198422845221306,0.13138494505243506
0.418382745368411,0.4189754228524119,0.41850225479331055,0.4096507522277152,0.4188966448873735
0.29770919771182,0.27535687216115295,0.29204365408039956,0.3202382043443309,0.29077035902238135
0.484661051445689,0.4775296123562861,0.4781110884123264,0.4577893741762164,0.47544754895415936
0.208509925789858,0.2187768967999627,0.21760989249301188,0.20852865441827137,0.212164965237078
0.211212032082499,0.2053240216746934,0.1920526136642372,0.1905304377698373,0.19658523426263202
0.104867602725916,0.12654532794162776,0.13089830439447242,0.13353039754304014,0.12341852734099384
0.222444749341993,0.2846125585916949,0.2605132271200397,0.1974293414554071,0.25174920917067584
0.153115335218386,0.1237046556952961,0.14051959562872338,0.16303503457005433,0.13239318406831993
0.196603595939415,0.15033571877064783,0.139669168589202,0.17646111740433554,0.15490612009318439
0.201366354814273,0.17281759579558525,0.16321874223283822,0.18809895410876568,0.17411198977571263
0.14630149238431,0.14546229618829265,0.14654838595889494,0.16562669942419903,0.14773995005292095
0.261363967178842,0.2809259830595571,0.2790973454374528,0.27697725572488807,0.2785431778279076
0.169570365667843,0.16379914854383845,0.1615395549926128,0.16626622728569554,0.1601440402899694
0.256901803883562,0.2762436781145207,0.282107045747741,0.28837524273424014,0.2796391589392866
0.351881508485701,0.3424255377633647,0.33820036102561396,0.32783256310393766,0.33803402626046025
0.459587422303409,0.4665607367051692,0.4637893235131062,0.4233534808275903,0.4555243791825105
0.415603395566965,0.38490899918735033,0.3878777822787548,0.37862877604477263,0.3849052745286643
0.181992071831798,0.13558302330985614,0.13919196158196107,0.16046637478091288,0.13929429735813534
0.406944763241289,0.40598710099834695,0.40581966690543336,0.3886094155321747,0.40255559396480867
0.296418207755337,0.3107031677582034,0.31215518584103435,0.3431202833251441,0.3225846647858311
0.226453292237256,0.21788669289010304,0.21469085838227578,0.22450340637080213,0.21742224382841846
0.212021847021113,0.24047848330154767,0.2044179875303757,0.1702507017350912,0.21242175884116976
0.21741500196327,0.2203488810255268,0.22211850973670208,0.2281941840043774,0.22042922680755467
0.168372832400479,0.14038403743260228,0.15915592801288037,0.17830847573210667,0.1490802452616882
0.120289645123684,0.1402834563872732,0.14664226104873673,0.1662403715960216,0.14454377686369319
0.303516601710629,0.30160626341060925,0.30024013309856645,0.3001276206109804,0.30077028969363845
0.197690356756393,0.1959828066061298,0.20156240450321328,0.2074706762604572,0.19665884810276757
0.389662166217548,0.3711362056310042,0.4284497414973804,0.35831419728884595,0.36850816154118166
0.44964703806626,0.4480230793622477,0.4354339912642371,0.4140172478736072,0.43975039050314896
0.146089592016549,0.14028386918486666,0.13763351622521278,0.15166146230368716,0.13916648882066557
0.314372136364409,0.2735151574040091,0.25797399965314605,0.32681101042521044,0.2918378489751973
0.534315513297269,0.5085286967369149,0.5091582278391339,0.49357196753811095,0.5091591677224947
0.445145594581333,0.45459107512331,0.45091962985338474,0.402794981414217,0.4400326363333082
0.452486383712206,0.4273890957590195,0.4276802355202061,0.41600842327842646,0.42681965445171394
0.251891565344388,0.2627416440238432,0.2667892733798291,0.2987976909913215,0.2744832448945817
0.286190203212811,0.2904027082406784,0.28953193389676657,0.33107921899674686,0.3046755707645025
0.437932437102312,0.41656628514834987,0.3930514307400812,0.410670123451547,0.4175851276792359
0.135589266292065,0.12886644605322636,0.14128655482900274,0.16792925022465002,0.13760037871225328
0.14542119690944,0.17227432151716243,0.17969783542729215,0.17417053002325428,0.16870767232699674
0.21030005172756,0.23420929502997567,0.2248882426816381,0.2192187549365029,0.22630623563029306
0.234926651675226,0.24439054587949577,0.25444340438503643,0.23833454433749526,0.24014890220675061
0.304004582164434,0.33540188058234,0.31317579028409187,0.306103753603184,0.3253362313875718
0.33513023308496,0.28797098612457345,0.2641193614765551,0.33548229936578833,0.30458969752404874
0.341522692061361,0.3837884825717146,0.370852893329497,0.37677200291520746,0.3834217260241723
0.344595546974084,0.3461491356131411,0.3382114156534826,0.355958648097926,0.3508047804696688
0.136692091540708,0.1490887144837697,0.1534828944530538,0.1806322369202792,0.1556621319712928
0.221777551478561,0.21219279230119623,0.2011795476039186,0.22040664851456931,0.2121089849656864
0.2049324871608,0.20295250254341018,0.20845631696901473,0.232800838502254,0.21057454427359715
0.225867047750389,0.23379592107587813,0.23082227625020915,0.18736635390555675,0.21437827121798544
0.265865679845992,0.2807520551133653,0.287293826521389,0.32585038901583635,0.29637466376654825
0.292186313619563,0.29251252546922196,0.28792805448572667,0.24828652707753954,0.2757128263698325
0.24634197819316,0.21133068684605574,0.21757618843951249,0.21214745940121835,0.208571991851141
0.393559725781686,0.3932378935463452,0.38621017829889115,0.3665002088001468,0.3859555834907438
0.287332314796396,0.2922702847074155,0.274430930757399,0.30289745195921214,0.2955228236589985
0.427014806748027,0.41110198995153013,0.42597643268126506,0.47096621815119016,0.4361998737452982
