Actual_Current_Ripple_A,Predicted_Current_Ripple_A
0.356798802135055,0.34389796344113693
0.22639558693975,0.21906415741177782
0.296116002339127,0.28069298706572515
0.454713673831911,0.4743241847829348
0.154779440991044,0.1541838287021006
0.393014456592656,0.3751786719480133
0.374974313939026,0.37940388776749534
0.358983614780971,0.3640761814407595
0.294157542635093,0.30240212064310146
0.420182936844825,0.41621447431353964
0.430126912235153,0.4531219675149849
0.42617120767911,0.4298293460816416
0.296722159273602,0.2891296616667748
0.199372560710291,0.13928908359462275
0.172215235463387,0.16267042768039122
0.416321675906564,0.406512158224438
0.218638147969745,0.2049539339738316
0.316321266364587,0.3032046070659284
0.19252359419835,0.17151611983695786
0.227913436752206,0.19638438747461542
0.14496004304889,0.1603163384295409
0.321067138728318,0.3239009545925448
0.368081635157533,0.30947299520022525
0.321940412268708,0.31675860300189246
0.139110133482833,0.15211410115214777
0.248212567666341,0.2526976690525406
0.195777688215961,0.17001694220916408
0.335850673343185,0.3190381714640026
0.426141422463009,0.410153560213441
0.150320945288939,0.12198604427912946
0.28343051240895,0.28411962236265026
0.265195532972846,0.2684181778723411
0.161468926807649,0.19080177618896837
0.29844336065699,0.3125282930910658
0.418192675201776,0.3992791710849029
0.380796555714228,0.39552464245928515
0.315724807521757,0.3232703473252869
0.362438563080038,0.3370321250586086
0.455448969995345,0.42694819208672785
0.371736329607775,0.34829952904012546
0.473037918075483,0.4139814075669454
0.377650398517994,0.3764103780452195
0.169145103734078,0.15099178097548938
0.374281378695617,0.36694357355904955
0.288581740725986,0.30737346998924825
0.41390199039604,0.41088386086911505
0.165707163566895,0.14081275758647308
0.423043913995475,0.4059370651509865
0.183808376730347,0.18083134110533222
0.25258914060523,0.2552890389227836
0.317995266193509,0.2992210114484724
0.320358005995791,0.31795331686263684
0.363533892971161,0.37601756145609305
0.313945945350918,0.3169511561117011
0.28235845912744,0.28547859972326917
0.425846969777087,0.43251427970530415
0.248908251165401,0.2886958560218635
0.381388490474025,0.34837367753680354
0.364309695898334,0.3410001787213454
0.208240129277759,0.2439035153080379
0.190965669206541,0.2170016591887023
0.272054509695281,0.26876925771045207
0.188508465099181,0.16270745340978718
0.43350374928024,0.4404868559548697
0.49143754066657,0.5222094833867036
0.328590098675005,0.31630461216450867
0.290659609237003,0.28660312855262166
0.434425874913921,0.4369934384028762
0.350971194161307,0.36235132986666785
0.440918976674634,0.46622373191627264
0.414286124063623,0.41572142958494446
0.352160164842771,0.3467798940858216
0.340125422359461,0.33941774997049556
0.175241723512899,0.22730194363842549
0.149833248945711,0.16172973281466113
0.170402942643477,0.18326867425018656
0.264197968514405,0.2477337550885711
0.241504648231215,0.2688770527383167
0.417453515793803,0.4330454695439673
0.303503913254513,0.30822507005464705
0.189923745211826,0.1787729191160113
0.435385193636609,0.438466509287481
0.251516540717556,0.2530885720311129
0.344993593119405,0.34201638393100936
0.392500719118274,0.3891188126961604
0.404341643270208,0.33236344219871794
0.367053172525042,0.3751653088221019
0.239170027839871,0.2498943465295749
0.270593211135778,0.26370967525822964
0.376298484168437,0.3736611123793983
0.359077492442219,0.3367877687603287
0.150962074311098,0.1846626815516522
0.243636128030104,0.27971864822106085
0.469663547273944,0.4631508075354201
0.40086586567378,0.39008241148441947
0.177034946844225,0.14453415427066446
0.426462117918691,0.4157035151140107
0.389956864615743,0.37632389393147797
0.284145023319174,0.3064942335949679
0.14066701481395,0.16176032837527646
0.434907146726447,0.4399914752676966
0.26440425647808,0.30278985011980586
0.216823023448158,0.17548205472863235
0.454693738329447,0.4432563153589807
0.2588977897083,0.27416218842457346
0.280428909739857,0.29070942171114067
0.17740565585094,0.19315393986119314
0.397457515329242,0.4258616173752051
0.146945224489632,0.10251190667778268
0.320494261431409,0.30851441809161056
0.322499707636374,0.28872236374018495
0.11971915033141,0.18159764318885913
0.319184731012218,0.30068159748698764
0.159643616647809,0.10443536089486025
0.392535290655657,0.38524901709568965
0.167201302722964,0.16221788382320632
0.27851524583054,0.35137011175646155
0.4463738359273,0.4343416625709442
0.286231609940854,0.291012438074269
0.501559203637697,0.5157498175638597
0.295544405634965,0.27036675184040115
0.454965719807939,0.49211548843820807
0.251876318039868,0.26975932096797595
0.336336581918243,0.2860062557380628
0.337325826066913,0.3416510015522765
0.404199515492455,0.3423330366796178
0.288993858065219,0.30617591576177294
0.376438900385047,0.3605460511837172
0.203336805627043,0.23798757478222488
0.235432308549802,0.20144904079771436
0.323041333117983,0.3019306853341812
0.167431433039624,0.1658642296424556
0.359921385873994,0.36589085641236146
0.204286080331373,0.15439420123637465
0.391730102485372,0.40279614577026324
0.407552606302164,0.3865568324324438
0.347933658274401,0.34869656865673787
0.296290353345163,0.26991918349892974
0.255500932205058,0.25485646043452365
0.413515802007386,0.38201638113192177
0.34596572723787,0.3630059963807672
0.314105088862076,0.3291478576353249
0.226052255231307,0.24990228682095017
0.311908248660609,0.3343433465454362
0.124760813896055,0.12954354396308837
0.443306892054338,0.4576698259262426
0.295020947208622,0.28522238537889427
0.200775546333717,0.1778841241733835
0.408122524110763,0.4016400726958037
0.178459295943458,0.2127376604634746
0.317275231848998,0.31137321710911403
0.346080984529249,0.33859430989492256
0.445872426460931,0.48019364156367716
0.126223365857049,0.11981578069884144
0.376573871458815,0.3932071285517753
0.372460554769189,0.4053988106659907
0.350041783571284,0.34215682785314205
0.141843226736797,0.15149315138498895
0.405426473354538,0.3880498465036817
0.345040191995261,0.371392207518092
0.336289146402086,0.36006294089639995
0.188583125061854,0.1595764220842884
0.324793304204487,0.31539524743080594
0.392639557838119,0.3786838925220624
0.214117921547468,0.15578667643887753
0.223944425487609,0.2268652657242706
0.376223412102436,0.34312692910116854
0.362693734472188,0.35482104122851343
0.437169924144172,0.43359146740164844
0.315733116371033,0.3179292816686864
0.144165376715352,0.1342810457576132
0.281212855775285,0.3052089029615096
0.1293843448621,0.1334031881334794
0.32269589715264,0.30641231357153675
0.414581633466139,0.4216866676681709
0.361412661074212,0.3334075055244949
0.439206198784214,0.4455559709408531
0.169400056995366,0.1805777346339406
0.177526969518103,0.18157752800177795
0.24273912411098,0.2853932621428184
0.459480313040038,0.46072741822404006
0.14914606874733,0.1629538768538166
0.188549951484089,0.23001776025577977
0.397676361282563,0.3961382505827357
0.264084341991931,0.27779362921461814
0.381205102065653,0.3950812139759071
0.329046986068655,0.3135067368454034
0.365026672630963,0.3624445995088977
0.28356000644113,0.26041556943605815
0.299322853619829,0.30042582083920194
0.18855527201027,0.20841982071334653
0.112436428141071,0.13995828547907335
0.179408380154288,0.13194109126283787
0.215020306627074,0.23205642675983107
0.322339492296344,0.31525433673309533
0.376075130753358,0.37148340022788745
0.412425256104926,0.41508770752070295
0.438952020688785,0.42976891243927723
0.394922564511043,0.38797512172894055
0.265957892277369,0.2629958603642003
0.33998281437917,0.3397368165340721
0.135527209877403,0.11302565863666816
0.212276869184925,0.2250619263141708
0.311106531909667,0.2954512080823166
0.422009185564116,0.4177650960445036
0.445052757449344,0.4207288465004503
0.392013329060394,0.3395202125199334
0.40375546369262,0.3918718935169118
0.126256386731087,0.1640830247288668
0.326877399548253,0.3169637644388689
0.328807597559967,0.32401910361915076
0.306101335573457,0.31026890549213065
0.397045086772917,0.39766239605636444
0.205670135032252,0.1685064127696884
0.17019255637902,0.1755265922811343
0.228852972313453,0.24867377701237492
0.311773534448786,0.3193945202665848
0.367667913699139,0.34720780279205443
0.307420127064796,0.30935516576067046
0.164905449751322,0.19526383782008444
0.324957220501969,0.30002029896622745
0.314867094450229,0.3015296300694159
0.443192532615557,0.41431260690183724
0.186505072548162,0.2119113011656104
0.176003404385046,0.15347653704295242
0.388765657033457,0.3798521727312473
0.275048792150411,0.27730756866217454
0.209984934122536,0.2054913666537742
0.312244422154526,0.2973464226398473
0.12191414838095,0.1042098993930993
0.389321334078837,0.35055550953483694
0.385649393242626,0.4136585295054305
0.409040749880829,0.42080462111180583
0.388649919887488,0.3929441428968746
0.3475210443751,0.34409712874358195
0.477505205588992,0.47840429309581983
0.26086982589426,0.27323083149889404
0.361102147759031,0.36425399043736806
0.496349096814269,0.5001453319325235
0.355351097305086,0.3465986799889533
0.474341943454513,0.485552055244185
0.300336797753638,0.30181685655731916
0.24181707922499,0.2195089533901386
0.445577380316968,0.446613760205074
0.243299885405481,0.2536452809126295
0.12775360686611,0.18514515886321017
0.414619141537775,0.399984672157061
0.41614442426782,0.41239816786944383
0.101412501461465,0.1236783450427986
0.360471959272962,0.36577391671267484
0.320071843501564,0.30887831061759385
0.250268133054061,0.2539613155597731
0.414186368837015,0.41518812741832106
0.171335080334716,0.15936549522718083
0.476132612453026,0.4905521286957331
0.23821571667458,0.23549199315404482
0.434687900312801,0.4422658593040518
0.449080060647709,0.4553850301808651
0.218258369381681,0.1991694999066027
0.383340641747994,0.3847228157258402
0.362166407957558,0.33974497858671965
0.368587681357663,0.38094079357361316
0.183916273367715,0.20969892358506942
0.331065557855242,0.3256061233074481
0.159720524742452,0.15580174324086254
0.422243571799652,0.37391555775644214
0.360593641247726,0.3702335626131613
0.390252516253029,0.3813559191422109
0.274095727127776,0.2810771540263151
0.202114995047017,0.23882914704597186
0.358644437618559,0.3531652565840883
0.140035949406539,0.09541272675879209
0.295813151379255,0.2798153251719558
0.389671154108772,0.37042902930079286
0.123555460061177,0.1844436194976282
0.47116281739427,0.4798946441872985
0.257831108596111,0.27397414048858376
0.255060733908927,0.2783427437532104
0.317022578774885,0.3305527314445809
0.209968930348251,0.1937963680995636
0.177998812068549,0.2193770106985239
0.318995409291858,0.3081321745628906
0.159957893760984,0.15460740908467469
0.234793866522948,0.22548788750595747
0.432043073048527,0.43364717058684776
0.365633617045683,0.3844695704243606
0.417528853350153,0.4043323118272416
0.14680667236009,0.14135255909400515
0.148785019075139,0.15524903273310955
0.384236535582133,0.36900581059276844
0.3642305121967,0.321271922709017
0.363656582807882,0.3722916617511872
0.344384484541644,0.35074173979332857
0.236626623225636,0.2370822894382278
0.120849682347727,0.1411596514097198
0.325571087891285,0.3307939576742135
0.358047639033,0.34976580501360166
0.146438607974656,0.17386380730228548
0.342771518889834,0.34276226218436256
0.390246148213823,0.4090694712794598
0.44127841941543,0.4279995330983871
0.282766066414463,0.27871261108447654
0.172351671960494,0.19831754348379205
0.292304175710697,0.27490722663523487
0.385034634510958,0.400922604542836
0.242369352929902,0.2873814931513079
0.222234174171612,0.23028301843450538
0.48321761243448,0.4932205100173359
0.395225032275418,0.40656841670312666
0.295424606320488,0.29016486441694606
0.241607904584522,0.2539401146584296
0.37948251602059,0.33808319788672214
0.145146833634271,0.17476381031516836
0.408065176073832,0.3890910829539221
0.20316649669131,0.19661786224366004
0.326815076556258,0.33246271288384355
0.321889216008116,0.33185635951648423
0.236809965085697,0.21391883318454802
0.183436643681667,0.14819171354107502
0.17556856704929,0.18826466637725914
0.469511001154022,0.4645751572439925
0.163946956429946,0.15375806309579032
0.20161292884621,0.19822368809530144
0.131526735371668,0.15153866773734148
0.290891264513327,0.3025320742506949
0.319455031589287,0.3157838221127645
0.445315751757244,0.45976460591637325
0.205384692401704,0.17187818096064825
0.231312930945193,0.2344546288652594
0.404108897832583,0.41254696629241444
0.466932372372435,0.4778772631523016
0.379330311427131,0.3877306018096331
0.148807501752074,0.1431880273577982
0.136305810327028,0.16073634015462057
0.435926580016519,0.44429619505742635
0.375780845209927,0.332868371949355
0.107870908921675,0.12457114804482297
0.473277533991925,0.46951545927284544
0.4387419785822,0.4406092587170884
0.232549608609812,0.21478092786440434
0.292855476939923,0.28618809922252125
0.433182505364396,0.38301157516378426
0.277990505422793,0.27991343523030554
0.134526597820924,0.2118386355620669
0.120362709316073,0.13018334903668016
0.418382745368411,0.41850225479331055
0.29770919771182,0.29204365408039956
0.484661051445689,0.4781110884123264
0.208509925789858,0.21760989249301188
0.211212032082499,0.1920526136642372
0.104867602725916,0.13089830439447242
0.222444749341993,0.2605132271200397
0.153115335218386,0.14051959562872338
0.196603595939415,0.139669168589202
0.201366354814273,0.16321874223283822
0.14630149238431,0.14654838595889494
0.261363967178842,0.2790973454374528
0.169570365667843,0.1615395549926128
0.256901803883562,0.282107045747741
0.351881508485701,0.33820036102561396
0.459587422303409,0.4637893235131062
0.415603395566965,0.3878777822787548
0.181992071831798,0.13919196158196107
0.406944763241289,0.40581966690543336
0.296418207755337,0.31215518584103435
0.226453292237256,0.21469085838227578
0.212021847021113,0.2044179875303757
0.21741500196327,0.22211850973670208
0.168372832400479,0.15915592801288037
0.120289645123684,0.14664226104873673
0.303516601710629,0.30024013309856645
0.197690356756393,0.20156240450321328
0.389662166217548,0.4284497414973804
0.44964703806626,0.4354339912642371
0.146089592016549,0.13763351622521278
0.314372136364409,0.25797399965314605
0.534315513297269,0.5091582278391339
0.445145594581333,0.45091962985338474
0.452486383712206,0.4276802355202061
0.251891565344388,0.2667892733798291
0.286190203212811,0.28953193389676657
0.437932437102312,0.3930514307400812
0.135589266292065,0.14128655482900274
0.14542119690944,0.17969783542729215
0.21030005172756,0.2248882426816381
0.234926651675226,0.25444340438503643
0.304004582164434,0.31317579028409187
0.33513023308496,0.2641193614765551
0.341522692061361,0.370852893329497
0.344595546974084,0.3382114156534826
0.136692091540708,0.1534828944530538
0.221777551478561,0.2011795476039186
0.2049324871608,0.20845631696901473
0.225867047750389,0.23082227625020915
0.265865679845992,0.287293826521389
0.292186313619563,0.28792805448572667
0.24634197819316,0.21757618843951249
0.393559725781686,0.38621017829889115
0.287332314796396,0.274430930757399
0.427014806748027,0.42597643268126506
